rating,text,reviewer,variant,date,original_text,sentiment,polarity,subjectivity
1,pengiriman sangat lama walaupun diluar pihak penjual tetapi ini mempengaruhi pelayanan terjadap konsumen sehingga saya merasa kurang puas belanja disini meskipun barang bagus,iqwan,Space Grey,9 bulan lalu,"Pengiriman sangat lama. Walaupun diluar pihak penjual, tetapi ini mempengaruhi pelayanan terjadap konsumen, sehingga saya merasa kurang puas belanja disini. Meskipun barang bagus.",Neutral,0.0,0.0
1,segini banget packingannya untung isinya aman gak tercecer di jalan ngerii ngeri pake kurir rekomendasi dari awal juga nda ada pilihan packing kayunya semoga matepadnya gak ada masalah nanti,A l,Grey Proteksi,Lebih dari 1 tahun lalu,"segini banget packingannya,untung isinya aman gak tercecer di jalan..ngerii ngeri pake kurir rekomendasi. dari awal juga nda ada pilihan packing kayunya. semoga matepadnya gak ada masalah nanti",Neutral,0.0,0.0
1,keyboard mati masa cuman gara2 barang harus po dlu terus barang gak di cek kualitas sih sudah ke service center jga tetap mati di janjikan ganti unit tapi gak tau sampai kapan tidak ada kpastian kalo lama dan gak dapet apa dari kesalahan hwaweinya fix kapok sih beli lagi productnya review bisa di ganti bintang bisa bertambah tapi masa cuman dapat kata maaf,c i,Grey Proteksi,Lebih dari 1 tahun lalu,"keyboard mati, masa cuman gara2 barang harus PO dlu terus barang gak di cek kualitas sih? sudah ke service center jga tetap mati, di janjikan ganti unit tapi gak tau sampai kapan, tidak ada kpastian. kalo lama dan gak dapet apa dari kesalahan hwaweinya, fix kapok sih beli lagi productnya review bisa di ganti bintang bisa bertambah, tapi masa cuman dapat kata maaf",Neutral,-0.1,0.1
1,huawei it self a good brand and quality unfortunately the person behind huawei online via tokopedia is able to change the specification bonus without prior notice first of all we put product in basket at that time still with bonus pencil then time to buy coming and surprisingly the pen is gone without prior notice so we receive only product without pencil so the way admin can change the bonus spec so sudenly and without thinking impact to the brand i m very disapointed hopefully huawei international can read this and giving a proper training to your sales online team they are being paid by you but they are careless,Johanes,Violet EWS,11 bulan lalu,"HUAWEI it self a good brand and quality, unfortunately the person behind huawei online via tokopedia, is able to change the specification bonus without prior notice. First of all, we put product in basket, at that time still with bonus pencil, then time to buy coming and surprisingly, the pen is gone, without prior notice. So we receive only product without pencil. So, the way admin can change the bonus spec so sudenly, and without thinking impact to the Brand. I'm very disapointed. Hopefully Huawei International can read this, and giving a proper training to your sales online team. They are being paid by you but they are careless.",Neutral,0.07307692307692307,0.466025641025641
1,ga kepake ngga compatible dgn banyak platform mau google meet aja gabisa semua harus download apps non official jd trust issues dgn keamanan pdhal build produknya bagus banget dari beli sd skrg ga pernah bener2 dipake kasih ke anak buat nonton yt atau main roblox aja banyak glitchnya gara2 cuma bisa pake browser atau apk ga resmi oya kualitas browser bawaaannya ampuuuuun parah banget,J h,Grey Proteksi,9 bulan lalu,"Ga kepake, ngga compatible dgn banyak platform, mau google meet aja gabisa. Semua harus download apps non official jd trust issues dgn keamanan. Pdhal build produknya bagus banget. Dari beli sd skrg ga pernah bener2 dipake...  kasih ke anak buat nonton YT atau main Roblox aja banyak glitchnya gara2 cuma bisa pake browser atau apk ga resmi. Oya... kualitas browser bawaaannya.... Ampuuuuun parah banget!",Positive,0.16666666666666666,0.3333333333333333
1,pengiriman lama pelayanan cs kaya packing nya hancur untung barang aman saya harus mencari barang nya di bbrp counter di jakarta dan semarang karena barang sudah hilang entah kemana selama bulan lebih dan cs hanya bisa maaf mohon sabar menunggu sabar menunggu sudah bulan sampai harus cari bbrp counter di jakarta dan semarang,d g,Spcae Grey EWS,11 bulan lalu,"pengiriman lama... pelayanan cs kaya ****** packing nya hancur, untung barang aman... saya harus mencari barang nya di bbrp counter di jakarta dan semarang karena barang sudah hilang entah kemana selama 1 bulan lebih. dan cs hanya bisa maaf mohon sabar menunggu. sabar menunggu sudah 1 bulan sampai harus cari bbrp counter di jakarta dan semarang.",Neutral,0.0,0.0
1,gak dapat m pencil dalih promo berubah ubah,Kurniawan,Space Grey,8 bulan lalu,"Gak dapat m pencil, dalih promo berubah-ubah",Neutral,0.0,0.0
1,tidak sesuai deskripsi chat awal akn diberi keyboard m pencil stlh dikirim tdk ad m pencil nya saat ditanya kenapa tdk ad m pencil nya katanya kosong penjual tdk bertanggung jawab tdk sesuai kesepakatan informasi awal promo berubah ubah,Andre,Space Grey,4 bulan lalu,"Tidak sesuai deskripsi.chat awal akn diberi keyboard + m pencil.Stlh dikirim,tdk ad m pencil-nya.Saat ditanya ""Kenapa tdk ad m pencil-nya?"" Katanya: kosong.Penjual tdk bertanggung jawab.Tdk sesuai kesepakatan + informasi awal.Promo berubah-ubah",Neutral,0.0,0.0
1,kecewa barang tidak terkirim dan hilang tapi saya tidak mendapat penggantian atas asuransi pengiriman,M d,Space Grey,9 bulan lalu,"Kecewa, barang tidak terkirim dan hilang, tapi saya tidak mendapat penggantian atas asuransi pengiriman.",Neutral,0.0,0.0
1,bulan lalu nabil varian violet ews kendala tidak lengkap salah kirim orang terbantu lihat balasan,Nabil,Violet EWS,12 bulan lalu,"12 bulan lalu
Nabil
Varian: Violet + EWS
Kendala: Tidak lengkap/salah kirim
4 orang terbantu
Lihat Balasan",Neutral,0.0,0.0
1,bulan lalu r n varian space grey kendala kemasan tidak aman orang terbantu lihat balasan,R n,Space Grey,10 bulan lalu,"10 bulan lalu
R***n
Varian: Space Grey
Kendala: Kemasan tidak aman
2 orang terbantu
Lihat Balasan",Neutral,-0.05,0.1
1,bulan lalu anwar varian space grey kendala pelayanan penjual kurang orang terbantu lihat balasan,Anwar,Space Grey,11 bulan lalu,"11 bulan lalu
Anwar
Varian: Space Grey
Kendala: Pelayanan penjual kurang
2 orang terbantu
Lihat Balasan",Neutral,-0.05,0.1
2,percuma po benefits yg didapet sma ky yg setelah po kualitas packing barang kacau parah ini bagian pengirimannya klo barang diterima sampai rusak gimana,R i,Grey Proteksi,Lebih dari 1 tahun lalu,"percuma PO benefits yg didapet sma ky yg setelah PO. kualitas packing barang kacau, parah ini bagian pengirimannya. klo barang diterima sampai rusak gimana?!",Neutral,0.0,0.0
2,rupanya dalam paket tidal termasuk stylus pen,Syahier,Spcae Grey EWS,7 bulan lalu,rupanya dalam paket tidal termasuk Stylus Pen,Neutral,0.0,0.0
2,kalau teknologi oke tapi transparansi marketing dan after salesnya yang bermasalah for information kalau beli bonus bundle pen dan keyboardnya itu tidak termasuk garansi jadi setelah pakai sekitar bulan pen bermasalah ga tau memang kualitas pen nya gen ini jelek atau memang defect pabrik bawa ke service center ga diterima harus beli pen baru 4jt kalau beli online 2an itupun di service center barang ga ready sc huawei kelapa gading ya huawei harus lebih transparan masalah ini jangan sekedar gembar gembor bonus bundle include tapi syarat dan ketentuan ga dijelasin untuk yg mau beli buat gambar saya juga belum bisa nilai banyak karena saat tip hover sekitar 1cm dari layar dia udah register small stroke jadi garisnya ga karuan kepencet ke mana2 sebelum akhirnya mati total sama sekali mungkin karena pen saya bermasalah kalau memang kualitas pen gen separah itu saya jadi takut untuk replace beli pen baru padahal harusnya drawing pen itu masuk kelas ke barang yang tahan banting ga tau mungkin saya saja yang apes dapat barang defect,Iman,Grey Proteksi,11 bulan lalu,"Kalau teknologi oke, tapi transparansi marketing dan after salesnya yang bermasalah. For information kalau beli bonus bundle pen dan keyboardnya, itu tidak termasuk garansi. Jadi setelah pakai sekitar 1 bulan, pen bermasalah (ga tau memang kualitas pen nya gen 3 ini jelek atau memang defect pabrik), bawa ke service center ga diterima. harus beli pen baru 1,4jt (kalau beli online 1,2an). Itupun di service center barang ga ready (SC huawei Kelapa Gading). Ya huawei harus lebih transparan masalah ini. Jangan sekedar gembar gembor bonus bundle include tapi syarat dan ketentuan ga dijelasin. untuk yg mau beli buat gambar, saya juga belum bisa nilai banyak karena saat tip hover sekitar 1cm dari layar dia udah register small stroke, jadi garisnya ga karuan kepencet ke mana2. Sebelum akhirnya mati total sama sekali (mungkin karena pen saya bermasalah ) Kalau memang kualitas pen gen-3 separah itu, saya jadi takut untuk replace beli pen baru. Padahal harusnya drawing pen itu masuk kelas ke barang yang tahan banting. Ga tau mungkin saya saja yang apes dapat barang defect.",Neutral,-0.05,0.37
2,sorry harus kasih bintang karena kurir ekspedisi pake sicepat denga kualitas pengiriman yg sangat buruk barang yg seharusnya dapat diterima on time terpaksa harus mundur dan itu pun saya sendiri yg harus ambil ke ekspedisi mohon untuk dihapus aja pilihan kurir sicepat sebab bukannya cepat malah lambat sekian,A y,Space Grey,10 bulan lalu,"Sorry harus kasih bintang 2 karena kurir ekspedisi pake Sicepat denga kualitas pengiriman yg sangat buruk, barang yg seharusnya dapat diterima on-time terpaksa harus mundur dan itu pun saya sendiri yg harus ambil ke ekspedisi. Mohon untuk dihapus aja pilihan kurir Sicepat sebab bukannya cepat malah lambat, sekian.",Negative,-0.5,1.0
2,gak lengkap aksesorisnya gak ada pencil gak ada mouse,N d,Violet,11 bulan lalu,"gak lengkap aksesorisnya. gak ada pencil, gak ada mouse.",Neutral,0.0,0.0
3,pengemasan mengecewakan dengan kemasan yg didalamnya berisi barang yang mudah rentan rusak dan bernilai jta pengemasan seolah olah asal asalan gag tau dilayan jasa kirimnya yg kurang hati hati dan juga memang kardus luarnya kurang safety dan kardus hp dalamnya juga penyok mohon diperhatikan lagi dalam pengemasannya karena yg dikirim bukan,E o,Grey Proteksi,Lebih dari 1 tahun lalu,"pengemasan mengecewakan. dengan kemasan yg didalamnya berisi barang yang mudah rentan rusak dan bernilai 8 jta, pengemasan seolah olah asal asalan. gag tau dilayan jasa kirimnya yg kurang hati hati dan juga memang kardus luarnya kurang safety. dan kardus hp dalamnya juga penyok.mohon diperhatikan lagi dalam pengemasannya karena yg dikirim bukan",Neutral,0.0,0.0
3,barang masih segel produk ori cuman kemasannya apakah itu packingan dari huawei atau di bongkar sama ekspedisi packingnya penyok rusak dan ada indikasi dibongkar dan dilakban ulang tidak ada plastik yang melindungi barang,Aditiawarman,Violet EWS,9 bulan lalu,"barang masih segel, produk ori. cuman kemasannya apakah itu packingan dari huawei, atau di bongkar sama ekspedisi, packingnya penyok, rusak dan ada indikasi dibongkar dan dilakban ulang. tidak ada plastik yang melindungi barang.",Neutral,0.0,0.0
3,ada baik nya huawei official store perbaiki cara paking yg baik pake fragile stiker dan customer milih pengiriman reguler pake pesawat bukan dipindah kan ke trucking jg lama dan merusak paket nya terimakasih,Bharata,Space Grey,11 bulan lalu,Ada Baik nya Huawei official Store perbaiki cara paking yg Baik pake fragile stiker dan customer milih pengiriman reguler pake pesawat bukan dipindah kan ke trucking jg lama dan merusak paket nya. Terimakasih,Neutral,0.0,0.5
3,packing masih kurang untuk barang yang harganya lumayan mahal kualitas produk mantap jauh lebih baik daripada ipad pro keluaran dan ke bawah kualitas gambar jernih warna teramat sangat akurat dan speaker mantaps ada wps office pc level yang eksklusif hanya ada di huawei dan gopaint yang sudah dengan procreate sangat recommended untuk dijadikan tablet daily driver untuk pelajar maupun pekerja,Kevin,Space Grey,9 bulan lalu,"Packing masih kurang untuk barang yang harganya lumayan mahal. Kualitas produk mantap. Jauh lebih baik daripada iPad pro keluaran 2023 dan ke bawah. Kualitas gambar jernih, warna teramat sangat akurat, dan speaker mantaps. Ada WPS Office PC Level yang eksklusif hanya ada di Huawei dan GoPaint yang sudah 11/12 dengan ProCreate. Sangat recommended untuk dijadikan tablet daily driver untuk pelajar maupun pekerja.",Neutral,0.0,0.0
3,biar toko dan tokopedia tau gini loh kualitas jasa bag pengiriman barang ongkir dibayar loh bukan gratis kasihan toko nya jika mesti retur dll urus komplain bs bulan ini selisih dikit lagi kena tab nya pdhl packing udah pakai bubble loh bayangin brp parah jasa perpindahan barang,Ratno,Grey Proteksi,12 bulan lalu,Biar toko dan tokopedia tau. Gini loh kualitas jasa bag pengiriman barang. (ongkir dibayar loh bukan gratis). Kasihan toko nya jika mesti retur dll. Urus komplain bs 1 bulan. Ini selisih dikit lagi kena tab nya. Pdhl packing udah pakai bubble loh. Bayangin brp parah jasa perpindahan barang.,Neutral,0.0,0.0
3,pengemasan wajib lebih safety lagi sekelas huawei official store packing barang harga 8juta udah seperti packing barang harga 50ribu sangat rentan saat pengiriman dus luar penyok dus dalam juga penyok,Heri,Space Grey,Lebih dari 1 tahun lalu,"Pengemasan Wajib lebih Safety lagi, Sekelas HUAWEI Official Store, packing barang harga 8juta udah seperti packing barang harga 50ribu, Sangat rentan saat pengiriman, dus luar penyok dus dalam juga penyok.",Neutral,0.0,0.0
3,kurir rekomendasi tapi tdk di rekomendasikan kecewa dgn kurir dan penjualnya beli barang di hari dan waktu yg hampir sama tp pake kurir beda barang yg di bawah kurir jg penyok seperti gambar,a l,Grey Proteksi,12 bulan lalu,"kurir rekomendasi tapi tdk di rekomendasikan. kecewa dgn kurir dan penjualnya. beli 2 barang di hari dan waktu yg hampir sama, tp pake 2 kurir beda. barang yg di bawah kurir jg penyok seperti gambar",Neutral,0.0,0.0
3,barang hilang dihilangin kurir hindari penggunaan sicepat kualitas minus maaf gak bintang karena toko juga kurang baik dalam menangani komplain customer selain itu dana refund ditahan oleh pihak tokopedia tanpa ada kejelasan tanggal penyelesaian proses di aplikasi tanggal juli kemudian dijanjikan cair tanggal agustus tapi sampai dengan saat ini belum juga ada cair itu uang saya gak terima barang duit juga ditahan tokopedia,F r,Grey Proteksi,11 bulan lalu,"Barang hilang, dihilangin kurir, hindari penggunaan SiCepat, kualitas minus, maaf gak 5 bintang karena toko juga kurang baik dalam menangani komplain customer. Selain itu, dana refund ditahan oleh pihak Tokopedia tanpa ada kejelasan, tanggal penyelesaian proses di aplikasi tanggal 30 Juli, kemudian dijanjikan cair tanggal 1 Agustus, tapi sampai dengan saat ini belum juga ada cair itu uang saya. Gak terima barang, duit juga ditahan Tokopedia.",Neutral,-0.1,0.1
3,packagingnya parah amat dri pihak kurir klaim kalo packagingnya udh terbuka untungnya udh di klarifikasi lewat video sm kurirnya klo barangnya aman dan lengkap tolong diperbaiki lagi packagingnya kalo dikirim ke luar pulau bahaya bisa hilang atau rusak,G y,Spcae Grey EWS,Lebih dari 1 tahun lalu,"packagingnya parah amat, dri pihak kurir klaim kalo packagingnya udh terbuka untungnya udh di klarifikasi lewat video sm kurirnya klo barangnya aman dan lengkap tolong diperbaiki lagi packagingnya kalo dikirim ke luar pulau bahaya bisa hilang atau rusak",Neutral,0.0,0.0
3,plus gambar tajem build quality sesuai harganya bagus bonus pencil detachable keyboard packing lumayan aman cocok bagi designer yg suka gambar tablet versi papermatte nyaman minus device huawei matepad menerapkan system spoofing device matepad akan terdeteksi oleh google menjadi oppo lain ketika login dengan akun google kalian banyak bug di apps system karena ini bukan android service pake huawei punya jadi gak disarankan bagi yg newbie di tech karena butuh waktu buat penyesuaian akses ke aplikasi terbatas karena gak terhubung langsung dengan playstore update os yg terbatas butuh effort buat setting karena system yy beda dari android apps nya yg sering ngebug minim resource official buat research semisal ada bugs jadi harus ke cs huawei jujur ada sedikit rasa kecewa karena ngira bakal dynamis dan bagus system dari huawei tapi ngerasa kaya jadi user beta devicenya its ok experience tablet nya buat kerja lumayan ngebantu juga,Anggara,Space Grey,9 bulan lalu,"Plus - gambar tajem - build quality sesuai harganya, bagus - bonus pencil & detachable keyboard - packing lumayan aman - cocok bagi designer, yg suka gambar , tablet versi papermatte nyaman Minus - device huawei matepad menerapkan system spoofing, device matepad akan terdeteksi oleh google menjadi oppo & lain"" ketika login dengan akun google kalian - banyak bug di apps & system Karena ini bukan android, & service pake huawei punya. Jadi gak disarankan bagi yg newbie di tech, karena butuh waktu buat penyesuaian - akses ke aplikasi terbatas, karena gak terhubung langsung dengan playstore - update os yg terbatas - butuh effort buat setting, karena system yy beda dari android & apps nya yg sering ngebug - minim resource official buat research semisal ada bugs, jadi harus ke cs huawei Jujur ada sedikit rasa kecewa, karena ngira bakal dynamis dan bagus system dari huawei. Tapi ngerasa kaya jadi user beta devicenya. Its ok, experience tablet nya buat kerja lumayan ngebantu juga.",Positive,0.2,0.3
3,packing luarnya sembarangan kurang profesional,v n,Space Grey,11 bulan lalu,packing luarnya sembarangan... kurang profesional.,Neutral,0.0,0.0
3,bulan lalu vincent varian spcae greyews kendala tidak lengkap salah kirim orang terbantu lihat balasan,Vincent,Spcae Grey EWS,10 bulan lalu,"10 bulan lalu
Vincent
Varian: Spcae Grey+EWS
Kendala: Tidak lengkap/salah kirim
1 orang terbantu
Lihat Balasan",Neutral,0.0,0.0
3,lebih dari tahun lalu p i varian violetproteksi kendala kemasan tidak aman pengiriman lama membantu lihat balasan,P I,Violet Proteksi,Lebih dari 1 tahun lalu,"Lebih dari 1 tahun lalu
P***I
Varian: Violet+Proteksi
Kendala: Kemasan tidak aman, Pengiriman lama
Membantu
Lihat Balasan",Neutral,0.0,0.0
4,barang masih segel tetapi kotak pengiriman penyok parah sehingga kena kotak barang jd ikut penyok semoga isinya aman,Budhi,Spcae Grey EWS,Lebih dari 1 tahun lalu,"Barang masih segel, tetapi kotak pengiriman penyok parah sehingga kena kotak barang jd ikut penyok. Semoga isinya aman",Neutral,0.0,0.0
4,pengiriman lama kerdusnya ga berbentuk tapi aman barang oke original asli no kw kw,f h,Violet,12 bulan lalu,pengiriman lama kerdusnya ga berbentuk tapi aman barang oke original asli no kw kw,Positive,0.375,0.75
4,kondisi barang saat sampai sangat lengkap baik dan aman cuman waktu po nya aja agak lama tapi syukurnya saya pilih pengiriman yg tepat barang sampai dengan cepat akhirnya terima kasih huawei,Bung,Spcae Grey EWS,Lebih dari 1 tahun lalu,"kondisi barang saat sampai sangat lengkap, baik, dan aman. cuman waktu PO nya aja agak lama, tapi syukurnya saya pilih pengiriman yg tepat, barang sampai dengan cepat akhirnya. terima kasih huawei",Neutral,0.0,0.0
4,barang bagus packaging jelek dus barang didalamnya sdkt penyok untungnya dus bawaan huawei tebal mohon utk penjual memperhatikan nya apalagi ini toko official,R d,Grey Proteksi,Lebih dari 1 tahun lalu,"Barang bagus, packaging jelek. Dus barang didalamnya sdkt penyok, untungnya dus bawaan huawei tebal. Mohon utk penjual memperhatikan nya apalagi ini toko official",Neutral,0.0,0.0
4,produk gaada masalah bagus cuma ngacoo banget packingnya cok kardus tipis jeleeek gak niat packing packing harga jutaan kalah sm barang 200rb an,i n,Spcae Grey EWS,Lebih dari 1 tahun lalu,"Produk gaada masalah, bagus.. Cuma ngacoo banget packingnya cok, kardus tipis, jeleeek, gak niat packing Packing harga jutaan kalah sm barang 200rb an",Neutral,0.0,0.0
4,luar biasa tidak aman packing barangnya luarbiasa juga kurirnya sicepat yg super lambat dan sampai paketnya sepenyok ini sampai segelnya terbuka untung barang di dalamnya masih aman,A D,Grey Proteksi,Lebih dari 1 tahun lalu,"luar biasa tidak aman packing barangnya, luarbiasa juga kurirnya sicepat yg super lambat dan sampai paketnya sepenyok ini, sampai segelnya terbuka. untung barang di dalamnya masih aman",Positive,0.3333333333333333,0.6666666666666666
4,barang datang lebih cepat dari yang seharusnya namun kondisi kardus terbuka lakban dan sticker tidak lengket sempurna sangat berbahaya apalagi ada tulisan huaweinya,F i,Violet Proteksi,Lebih dari 1 tahun lalu,"Barang datang lebih cepat dari yang seharusnya namun kondisi kardus terbuka, lakban dan sticker tidak lengket sempurna sangat berbahaya apalagi ada tulisan huaweinya",Neutral,0.0,0.0
4,saya kecewa dengan packing yang tidak rapat dan rapi saat paket saya terima kondisinya bungkus luarnya rusak bungkus luar yg rusak pasti membuat kawatir kondisi barang di dalamnya mohon lain kali lebih memperhatikan packaging luar mengingat ini bukan barang murah,S o,Space Grey,12 bulan lalu,"Saya kecewa dengan packing yang tidak rapat dan rapi. Saat paket saya terima, kondisinya bungkus luarnya rusak. bungkus luar yg rusak pasti membuat kawatir kondisi barang di dalamnya. Mohon lain kali lebih memperhatikan PACKAGING luar mengingat ini BUKAN barang MURAH.",Neutral,0.0,0.0
4,barang bagus oke tapi untuk packing barang mohon diperhatikan kembali sekelas huawei official store menurut saya kurang sekali untuk pengemasan barangnya semoga bisa ditingkatkan,l e,Violet Proteksi,11 bulan lalu,"barang bagus, oke. tapi untuk packing barang mohon diperhatikan kembali. sekelas huawei & official store menurut saya kurang sekali untuk pengemasan barangnya. semoga bisa ditingkatkan",Neutral,0.0,0.0
4,barang ori dan bonusnya mantap enak dipakai dan smooth layar lembut di mata dan speakernya mantab sayang utk hrg segitu kameranya hrsnya bs lbh baik lg kondisi agak gelap dikit aja sangat grainy kyk tab china murmer dan baterenya gak seawet yg kukira,A d,Violet Proteksi,Lebih dari 1 tahun lalu,barang ori dan bonusnya mantap.. enak dipakai dan smooth.. layar lembut di mata dan speakernya mantab.. sayang utk hrg segitu kameranya hrsnya bs lbh baik lg.. kondisi agak gelap dikit aja sangat grainy kyk tab china murmer dan baterenya gak seawet yg kukira,Positive,0.4,0.5
4,permasalahan emang dipackingan kurang aman kalau mau beli laptop sedikit ragu,M r,Violet,12 bulan lalu,"Permasalahan emang dipackingan kurang aman, kalau mau beli laptop sedikit ragu",Neutral,0.0,0.0
4,barang sudah sampai tapi dus nya sudah bolong2 ya ngeri2 sedap euy packing nya tp kondisi kelengkapan kumplit dan tidak ada kendala,I n,Space Grey,11 bulan lalu,Barang sudah sampai. tapi dus nya sudah bolong2 ya. ngeri2 sedap euy packing nya.. tp kondisi kelengkapan kumplit dan tidak ada kendala.,Neutral,0.0,0.0
4,packing mohon untuk lebih safety lagi,Azmi,Grey Proteksi,Lebih dari 1 tahun lalu,packing mohon untuk lebih safety lagi,Neutral,0.0,0.0
4,dus nya tipis amat sampai disini udah penyok dan robek sampai box tablet nga juga ikutan penyok tolong lah sekelas official store huawei koq kualitas packing sampai segitux,H o,Grey Proteksi,Lebih dari 1 tahun lalu,Dus nya tipis amat. Sampai disini udah penyok dan robek. Sampai box tablet nga juga ikutan penyok. Tolong lah sekelas official store huawei koq kualitas packing sampai segitux.,Neutral,0.0,0.0
4,barang sudah sampai dengan aman hanya saja ternyata tidak termasuk pen kalo mau beli pen dijual terpisah dan tidak dicantumkan di deskripsi,R t,Violet,10 bulan lalu,"Barang sudah sampai dengan aman, hanya saja ternyata tidak termasuk Pen. Kalo mau beli pen dijual terpisah, dan tidak dicantumkan di deskripsi.",Neutral,0.0,0.0
5,barang sesuai pesanan dapat bonus mpencil dan keyboard sesuai di foto pengiriman cepat berfungsi dengan baik desain keren dan fitur sangat keren tab terbaik dengan harga yg oke dapat diskon lumayan waktu mantap,Dimas,Violet,9 bulan lalu,"Barang sesuai pesanan, dapat bonus Mpencil dan keyboard sesuai di foto, pengiriman cepat, berfungsi dengan baik, desain keren dan fitur sangat keren, tab terbaik dengan harga yg oke. dapat diskon lumayan waktu 10.10, mantap",Neutral,0.0,0.0
5,barang original berfungsi baik lengkap pengiriman sesuai mate tidak ada pantulan cahaya namun paperlike feelnya agak kurang terasa,H y,Space Grey,9 bulan lalu,"barang original, berfungsi baik, lengkap, pengiriman sesuai. mate tidak ada pantulan cahaya, namun paperlike feelnya agak kurang terasa",Positive,0.375,0.75
5,barang aman sampai tujuan masih segel dan dpt keyboard sayang ga dapat mouse dan pen,D s,Violet,4 bulan lalu,barang aman sampai tujuan. masih segel dan dpt keyboard. sayang ga dapat mouse dan pen,Neutral,0.0,0.0
5,barang bagus dan tersegel fast respon tapi mengapa tak de pensil bonusnya ya mana di storenya kosong,T I,Spcae Grey EWS,7 bulan lalu,"Barang bagus dan tersegel, fast respon, tapi mengapa tak de pensil bonusnya ya. Mana di storenya kosong.",Positive,0.2,0.6
5,produk original dan semua berfungsi dengan baik po tidak sampai hari sudah terkirim mantap,Aldi,Grey Proteksi,Lebih dari 1 tahun lalu,produk original dan semua berfungsi dengan baik. PO tidak sampai 11 hari sudah terkirim. mantap,Positive,0.375,0.75
5,tablet yang bonusnya melimpah ada huawei m pencil gen ada official keyboard case dan ada huawei wireless mousenya cocok dibeli saat masa pre order adanya go paint mempengaruhi daya jual tablet ini waktunya belajar bikin digital art dan berkreasi packingnya juga aman dan pengirimannya sesuai dengan yang dijanjikan,Heru,Grey Proteksi,Lebih dari 1 tahun lalu,"Tablet yang bonusnya melimpah, ada huawei m pencil gen 3, ada official keyboard case, dan ada huawei wireless mousenya. Cocok dibeli saat masa pre order. Adanya Go Paint mempengaruhi daya jual tablet ini. Waktunya belajar bikin digital art dan berkreasi. Packingnya juga aman dan pengirimannya sesuai dengan yang dijanjikan.",Neutral,0.0,0.0
5,sempat kuatir dengan kondisi kardus coklat yg penyok dan kardus tabletnya yang warna putih tetapi setelah dicek kondisi tablet dalam kondisi baik mohon di perhatikan kembali dan sekarang dalam masa penyesuaian keseluruhan dengan tablet sangat kagum terimakasih huawei,Richardo,Violet EWS,Lebih dari 1 tahun lalu,"Sempat kuatir dengan kondisi kardus Coklat yg penyok dan Kardus Tabletnya yang warna putih. tetapi setelah dicek kondisi Tablet dalam kondisi baik. mohon di perhatikan kembali. Dan sekarang dalam masa penyesuaian, keseluruhan dengan Tablet sangat kagum. Terimakasih Huawei",Neutral,0.0,0.0
5,barang tersegel dengan rapi walaupun kardus luar penyok alhamdulillah laptop aman warna purple nya cantik banget berfungsi dengan baik pokoknya puas belanja disini terimakasih admin juga gercep jawab chat,Luna,Violet,8 bulan lalu,barang tersegel dengan rapi walaupun kardus luar penyok. Alhamdulillah laptop aman .warna purple nya cantik banget. berfungsi dengan baik.pokoknya puas belanja disini.terimakasih. admin juga gercep jawab chat.,Neutral,0.0,0.0
5,barangnya bagus seller ramah dan responsive packing aman semuanya oke,M d,Space Grey,9 bulan lalu,Barangnya Bagus Seller Ramah dan Responsive Packing Aman Semuanya Oke,Neutral,0.0,0.0
5,dapat harga gooddeal pas udah ngincer lumayan lama pas tau diskonnya lumayan lngsg gas checkout so far ini tab paling value for money buat saat ini udh complete dpt keyboard dan pen magnetnya kenceng bgt juga buat berdiriin tabnya diatas keyboard yg masih worry klo ini gbs google dll gak ya ini bisa kok buat aplikasi google dan tetek bengek lainnya mantap huawei pantes si apel ketar ketir hehehe,A a,Space Grey,9 bulan lalu,"Dapat harga gooddeal pas 10.10. Udah ngincer lumayan lama, pas tau diskonnya lumayan lngsg gas checkout. So far ini tab paling value for money buat saat ini, udh complete dpt keyboard dan pen. Magnetnya kenceng bgt juga buat berdiriin tabnya diatas keyboard. Yg masih worry klo ini gbs google dll, gak ya ini bisa kok buat aplikasi google dan tetek bengek lainnya. Mantap huawei pantes si apel ketar ketir hehehe",Neutral,0.1,0.7
5,barang sudah sampai pengiriman cepat aman terkendali free nya hanya keyboard saja tanpa ada mouse dan mpensil musti beli terpisah sih agak repot jadinya beli lagi pakai enggak cumplitt,Fachry,Spcae Grey EWS,4 minggu lalu,barang sudah sampai. pengiriman cepat. aman terkendali. free nya hanya keyboard saja. tanpa ada mouse dan mpensil.. musti beli terpisah sih. agak repot jadinya.. beli lagi . pakai enggak cumplitt,Positive,0.4,0.8
5,seller ramah dan infrormatif juga fast respon thank you,D z,Violet,Lebih dari 1 tahun lalu,"Seller ramah dan infrormatif juga fast respon, thank you",Positive,0.2,0.6
5,barang bagus semoga awet pemakaian nya dan tidak ada kendala ke depannya,Kristanto,Spcae Grey EWS,8 bulan lalu,"Barang Bagus, Semoga Awet pemakaian nya dan tidak ada kendala ke depannya",Neutral,0.0,0.0
5,barang sampai dengan aman selamat dan cepat sudah pasti ori dan berfungsi dengan baik kualitas layar yang nyaman di mata semoga bisa meningkatkan produktivitas,Saiful,Violet EWS,9 bulan lalu,"Barang sampai dengan aman, selamat, dan cepat. Sudah pasti ori dan berfungsi dengan baik. Kualitas layar yang nyaman di mata, semoga bisa meningkatkan produktivitas",Neutral,0.0,0.0
5,produk terjamin ori admin sangat responsif sejauh ini sudah di tes hari oke no prob namun untuk papermatte edition yg tergolong unik ini tidak dapat bonus m pen hanya keyboard aja harus beli terpisah,D y,Violet,7 bulan lalu,"produk terjamin ori, admin sangat responsif. sejauh ini sudah di tes 2 hari oke no prob.. namun untuk papermatte edition yg tergolong unik ini tidak dapat bonus m-pen hanya keyboard aja. harus beli terpisah",Neutral,0.0,0.0
